{"Scene":{"0":{"AnimationController":{"Active Animation":0,"Animation0":{"Frame0":[1.0,55.0,60.0,1.0],"Frame1":[62.0,55.0,121.0,1.0],"Frame2":[123.0,55.0,182.0,1.0],"Frame3":[184.0,55.0,243.0,1.0],"Frame4":[245.0,55.0,304.0,1.0],"Frame5":[306.0,55.0,365.0,1.0],"Frame6":[367.0,55.0,426.0,1.0],"Frame7":[428.0,55.0,487.0,1.0],"Frame8":[489.0,55.0,548.0,1.0],"NumFrames":9,"Repeating":true,"SecsPerFrame":0.09000000357627869},"Animation1":{"Frame0":[60.0,55.0,1.0,1.0],"Frame1":[121.0,55.0,62.0,1.0],"Frame2":[182.0,55.0,123.0,1.0],"Frame3":[243.0,55.0,184.0,1.0],"Frame4":[304.0,55.0,245.0,1.0],"Frame5":[365.0,55.0,306.0,1.0],"Frame6":[426.0,55.0,367.0,1.0],"Frame7":[487.0,55.0,428.0,1.0],"Frame8":[548.0,55.0,489.0,1.0],"NumFrames":9,"Repeating":true,"SecsPerFrame":0.09000000357627869},"FileName":"bunsheet.png","NumAnimations":2},"Identifier":{"HelloWorld":false,"Identifier":4368,"MainCamera":false,"MainPlayer":true,"Name":"bun"},"Sprite":{"BottomLeft":[0.0,0.0],"FileName":"bunsheet.png","Height":54,"IsSpriteSheet":false,"SizeScale":1.0,"TopRight":[1.0,1.0],"Width":59},"Transform":{"Position":[0.0,0.0,10.0],"Rotation":[0.0,0.0,0.0],"Scale":[59.0,54.0,1.0]}},"1":{"AnimationController":{"Active Animation":0,"Animation0":{"Frame0":[1.0,55.0,60.0,1.0],"Frame1":[62.0,55.0,121.0,1.0],"Frame2":[123.0,55.0,182.0,1.0],"Frame3":[184.0,55.0,243.0,1.0],"Frame4":[245.0,55.0,304.0,1.0],"Frame5":[306.0,55.0,365.0,1.0],"Frame6":[367.0,55.0,426.0,1.0],"Frame7":[428.0,55.0,487.0,1.0],"Frame8":[489.0,55.0,548.0,1.0],"NumFrames":9,"Repeating":true,"SecsPerFrame":0.09000000357627869},"FileName":"bunsheet.png","NumAnimations":1},"Identifier":{"HelloWorld":false,"Identifier":4368,"MainCamera":false,"MainPlayer":false,"Name":"bunAnimRight"},"Sprite":{"BottomLeft":[0.0,0.0],"FileName":"bunsheet.png","Height":54,"IsSpriteSheet":false,"SizeScale":1.0,"TopRight":[1.0,1.0],"Width":59},"Transform":{"Position":[60.0,0.0,0.0],"Rotation":[0.0,0.0,0.0],"Scale":[59.0,54.0,1.0]}},"2":{"AnimationController":{"Active Animation":0,"Animation0":{"Frame0":[60.0,55.0,1.0,1.0],"Frame1":[121.0,55.0,62.0,1.0],"Frame2":[182.0,55.0,123.0,1.0],"Frame3":[243.0,55.0,184.0,1.0],"Frame4":[304.0,55.0,245.0,1.0],"Frame5":[365.0,55.0,306.0,1.0],"Frame6":[426.0,55.0,367.0,1.0],"Frame7":[487.0,55.0,428.0,1.0],"Frame8":[548.0,55.0,489.0,1.0],"NumFrames":9,"Repeating":true,"SecsPerFrame":0.09000000357627869},"FileName":"bunsheet.png","NumAnimations":1},"Identifier":{"HelloWorld":false,"Identifier":4368,"MainCamera":false,"MainPlayer":false,"Name":"bunAnimLeft"},"Sprite":{"BottomLeft":[0.0,0.0],"FileName":"bunsheet.png","Height":54,"IsSpriteSheet":false,"SizeScale":1.0,"TopRight":[1.0,1.0],"Width":59},"Transform":{"Position":[-60.0,0.0,0.0],"Rotation":[0.0,0.0,0.0],"Scale":[59.0,54.0,1.0]}},"3":{"Identifier":{"HelloWorld":true,"Identifier":272,"MainCamera":false,"MainPlayer":false,"Name":"Hello World Sign"},"Sprite":{"BottomLeft":[0.0,0.0],"FileName":"HelloWorld.png","Height":50,"IsSpriteSheet":false,"SizeScale":1.0,"TopRight":[1.0,1.0],"Width":100},"Transform":{"Position":[0.0,75.0,100.0],"Rotation":[0.0,0.0,0.0],"Scale":[100.0,50.0,1.0]}},"4":{"Identifier":{"HelloWorld":false,"Identifier":272,"MainCamera":false,"MainPlayer":false,"Name":"STOP"},"Sprite":{"BottomLeft":[0.0,0.0],"FileName":"STOP.png","Height":600,"IsSpriteSheet":false,"SizeScale":1.0,"TopRight":[1.0,1.0],"Width":600},"Transform":{"Position":[5.0,0.0,-10.0],"Rotation":[0.0,0.0,0.0],"Scale":[600.0,600.0,1.0]}},"5":{"Camera":{"FarPlane":100.0,"Fov":0.0,"NearPlane":-100.0,"OrthoPos":[-100.0,100.0,-100.0,100.0],"OrthoSize":[-100.0,100.0,-100.0,100.0],"Position":[0.0,0.0,0.0],"ProjectionType":1,"Rotation":[0.0,0.0,0.0]},"HoriScrollCam":{"Offset":30.0},"Identifier":{"HelloWorld":false,"Identifier":285212673,"MainCamera":true,"MainPlayer":false,"Name":"Scrolling Camera"},"VertiScrollCam":{"Offset":15.0}},"NumEntities":6,"SceneName":"Scene Name"}}