{"Scene":{"0":{"AnimationController":{"Active Animation":3,"Animation0":{"Frame0":[59.0,27.0,86.0,1.0],"Frame1":[30.0,27.0,57.0,1.0],"Frame2":[1.0,27.0,28.0,1.0],"Frame3":[88.0,27.0,115.0,1.0],"Frame4":[1.0,27.0,28.0,1.0],"Frame5":[30.0,27.0,57.0,1.0],"NumFrames":6,"Repeating":true,"SecsPerFrame":0.09000000357627869},"Animation1":{"Frame0":[86.0,27.0,59.0,1.0],"Frame1":[57.0,27.0,30.0,1.0],"Frame2":[28.0,27.0,1.0,1.0],"Frame3":[115.0,27.0,88.0,1.0],"Frame4":[28.0,27.0,1.0,1.0],"Frame5":[57.0,27.0,30.0,1.0],"NumFrames":6,"Repeating":true,"SecsPerFrame":0.09000000357627869},"Animation2":{"Frame0":[59.0,55.0,86.0,29.0],"Frame1":[30.0,55.0,57.0,29.0],"Frame2":[1.0,55.0,28.0,29.0],"Frame3":[88.0,55.0,115.0,29.0],"Frame4":[1.0,55.0,28.0,29.0],"Frame5":[30.0,55.0,57.0,29.0],"NumFrames":6,"Repeating":true,"SecsPerFrame":0.09000000357627869},"Animation3":{"Frame0":[86.0,55.0,59.0,29.0],"Frame1":[57.0,55.0,30.0,29.0],"Frame2":[28.0,55.0,1.0,29.0],"Frame3":[115.0,55.0,88.0,29.0],"Frame4":[28.0,55.0,1.0,29.0],"Frame5":[57.0,55.0,30.0,29.0],"NumFrames":6,"Repeating":true,"SecsPerFrame":0.09000000357627869},"Animation4":{"Frame0":[59.0,83.0,86.0,57.0],"Frame1":[30.0,83.0,57.0,57.0],"Frame2":[1.0,83.0,28.0,57.0],"Frame3":[88.0,83.0,115.0,57.0],"Frame4":[1.0,83.0,28.0,57.0],"Frame5":[30.0,83.0,57.0,57.0],"NumFrames":6,"Repeating":true,"SecsPerFrame":0.09000000357627869},"Animation5":{"Frame0":[86.0,83.0,59.0,57.0],"Frame1":[57.0,83.0,30.0,57.0],"Frame2":[28.0,83.0,1.0,57.0],"Frame3":[115.0,83.0,88.0,57.0],"Frame4":[28.0,83.0,1.0,57.0],"Frame5":[57.0,83.0,30.0,57.0],"NumFrames":6,"Repeating":true,"SecsPerFrame":0.09000000357627869},"FileName":"fairy.png","NumAnimations":6},"Identifier":{"Identifier":1052944,"MainCamera":false,"MainPlayer":false,"Name":"fairy20"},"PhysicsBody":{"BodyID":3435973836,"BodyPosition":[125.05354309082031,-95.91162872314453],"BodyType":0,"BottomLeft":[-14.0,-14.0],"BottomRight":[14.0,-14.0],"CenterOffset":[0.0,0.0],"CollideID":3435973836,"Friction":0.3499999940395355,"Gravity":false,"Height":28.0,"MaxVelo":20.0,"Radius":0.0,"TopLeft":[-14.0,14.0],"TopRight":[14.0,14.0],"Width":28.0,"isDynamic":true},"Sprite":{"BottomLeft":[0.0,0.0],"FileName":"fairy.png","Height":27,"IsSpriteSheet":false,"SizeScale":1.0,"TopRight":[1.0,1.0],"Width":28},"Transform":{"Position":[125.05354309082031,-95.91162872314453,5.0],"Rotation":[0.0,0.0,-0.00012608442921191454],"Scale":[28.0,27.0,1.0]}},"1":{"AnimationController":{"Active Animation":0,"Animation0":{"Frame0":[59.0,27.0,86.0,1.0],"Frame1":[30.0,27.0,57.0,1.0],"Frame2":[1.0,27.0,28.0,1.0],"Frame3":[88.0,27.0,115.0,1.0],"Frame4":[1.0,27.0,28.0,1.0],"Frame5":[30.0,27.0,57.0,1.0],"NumFrames":6,"Repeating":true,"SecsPerFrame":0.09000000357627869},"Animation1":{"Frame0":[86.0,27.0,59.0,1.0],"Frame1":[57.0,27.0,30.0,1.0],"Frame2":[28.0,27.0,1.0,1.0],"Frame3":[115.0,27.0,88.0,1.0],"Frame4":[28.0,27.0,1.0,1.0],"Frame5":[57.0,27.0,30.0,1.0],"NumFrames":6,"Repeating":true,"SecsPerFrame":0.09000000357627869},"Animation2":{"Frame0":[59.0,55.0,86.0,29.0],"Frame1":[30.0,55.0,57.0,29.0],"Frame2":[1.0,55.0,28.0,29.0],"Frame3":[88.0,55.0,115.0,29.0],"Frame4":[1.0,55.0,28.0,29.0],"Frame5":[30.0,55.0,57.0,29.0],"NumFrames":6,"Repeating":true,"SecsPerFrame":0.09000000357627869},"Animation3":{"Frame0":[86.0,55.0,59.0,29.0],"Frame1":[57.0,55.0,30.0,29.0],"Frame2":[28.0,55.0,1.0,29.0],"Frame3":[115.0,55.0,88.0,29.0],"Frame4":[28.0,55.0,1.0,29.0],"Frame5":[57.0,55.0,30.0,29.0],"NumFrames":6,"Repeating":true,"SecsPerFrame":0.09000000357627869},"Animation4":{"Frame0":[59.0,83.0,86.0,57.0],"Frame1":[30.0,83.0,57.0,57.0],"Frame2":[1.0,83.0,28.0,57.0],"Frame3":[88.0,83.0,115.0,57.0],"Frame4":[1.0,83.0,28.0,57.0],"Frame5":[30.0,83.0,57.0,57.0],"NumFrames":6,"Repeating":true,"SecsPerFrame":0.09000000357627869},"Animation5":{"Frame0":[86.0,83.0,59.0,57.0],"Frame1":[57.0,83.0,30.0,57.0],"Frame2":[28.0,83.0,1.0,57.0],"Frame3":[115.0,83.0,88.0,57.0],"Frame4":[28.0,83.0,1.0,57.0],"Frame5":[57.0,83.0,30.0,57.0],"NumFrames":6,"Repeating":true,"SecsPerFrame":0.09000000357627869},"FileName":"fairy.png","NumAnimations":6},"Identifier":{"Identifier":1052944,"MainCamera":false,"MainPlayer":false,"Name":"fairy19"},"PhysicsBody":{"BodyID":3435973836,"BodyPosition":[140.07620239257813,-123.92806243896484],"BodyType":0,"BottomLeft":[-14.0,-14.0],"BottomRight":[14.0,-14.0],"CenterOffset":[0.0,0.0],"CollideID":3435973836,"Friction":0.3499999940395355,"Gravity":false,"Height":28.0,"MaxVelo":20.0,"Radius":0.0,"TopLeft":[-14.0,14.0],"TopRight":[14.0,14.0],"Width":28.0,"isDynamic":true},"Sprite":{"BottomLeft":[0.0,0.0],"FileName":"fairy.png","Height":27,"IsSpriteSheet":false,"SizeScale":1.0,"TopRight":[1.0,1.0],"Width":28},"Transform":{"Position":[140.07620239257813,-123.92806243896484,5.0],"Rotation":[0.0,0.0,5.1011320465477183e-05],"Scale":[28.0,27.0,1.0]}},"10":{"AnimationController":{"Active Animation":5,"Animation0":{"Frame0":[59.0,27.0,86.0,1.0],"Frame1":[30.0,27.0,57.0,1.0],"Frame2":[1.0,27.0,28.0,1.0],"Frame3":[88.0,27.0,115.0,1.0],"Frame4":[1.0,27.0,28.0,1.0],"Frame5":[30.0,27.0,57.0,1.0],"NumFrames":6,"Repeating":true,"SecsPerFrame":0.09000000357627869},"Animation1":{"Frame0":[86.0,27.0,59.0,1.0],"Frame1":[57.0,27.0,30.0,1.0],"Frame2":[28.0,27.0,1.0,1.0],"Frame3":[115.0,27.0,88.0,1.0],"Frame4":[28.0,27.0,1.0,1.0],"Frame5":[57.0,27.0,30.0,1.0],"NumFrames":6,"Repeating":true,"SecsPerFrame":0.09000000357627869},"Animation2":{"Frame0":[59.0,55.0,86.0,29.0],"Frame1":[30.0,55.0,57.0,29.0],"Frame2":[1.0,55.0,28.0,29.0],"Frame3":[88.0,55.0,115.0,29.0],"Frame4":[1.0,55.0,28.0,29.0],"Frame5":[30.0,55.0,57.0,29.0],"NumFrames":6,"Repeating":true,"SecsPerFrame":0.09000000357627869},"Animation3":{"Frame0":[86.0,55.0,59.0,29.0],"Frame1":[57.0,55.0,30.0,29.0],"Frame2":[28.0,55.0,1.0,29.0],"Frame3":[115.0,55.0,88.0,29.0],"Frame4":[28.0,55.0,1.0,29.0],"Frame5":[57.0,55.0,30.0,29.0],"NumFrames":6,"Repeating":true,"SecsPerFrame":0.09000000357627869},"Animation4":{"Frame0":[59.0,83.0,86.0,57.0],"Frame1":[30.0,83.0,57.0,57.0],"Frame2":[1.0,83.0,28.0,57.0],"Frame3":[88.0,83.0,115.0,57.0],"Frame4":[1.0,83.0,28.0,57.0],"Frame5":[30.0,83.0,57.0,57.0],"NumFrames":6,"Repeating":true,"SecsPerFrame":0.09000000357627869},"Animation5":{"Frame0":[86.0,83.0,59.0,57.0],"Frame1":[57.0,83.0,30.0,57.0],"Frame2":[28.0,83.0,1.0,57.0],"Frame3":[115.0,83.0,88.0,57.0],"Frame4":[28.0,83.0,1.0,57.0],"Frame5":[57.0,83.0,30.0,57.0],"NumFrames":6,"Repeating":true,"SecsPerFrame":0.09000000357627869},"FileName":"fairy.png","NumAnimations":6},"Identifier":{"Identifier":1052944,"MainCamera":false,"MainPlayer":false,"Name":"fairy10"},"PhysicsBody":{"BodyID":3435973836,"BodyPosition":[184.9130096435547,-207.968505859375],"BodyType":0,"BottomLeft":[-14.0,-14.0],"BottomRight":[14.0,-14.0],"CenterOffset":[0.0,0.0],"CollideID":3435973836,"Friction":0.3499999940395355,"Gravity":false,"Height":28.0,"MaxVelo":20.0,"Radius":0.0,"TopLeft":[-14.0,14.0],"TopRight":[14.0,14.0],"Width":28.0,"isDynamic":true},"Sprite":{"BottomLeft":[0.0,0.0],"FileName":"fairy.png","Height":27,"IsSpriteSheet":false,"SizeScale":1.0,"TopRight":[1.0,1.0],"Width":28},"Transform":{"Position":[184.9130096435547,-207.968505859375,5.0],"Rotation":[0.0,0.0,0.00014138472033664584],"Scale":[28.0,27.0,1.0]}},"11":{"AnimationController":{"Active Animation":2,"Animation0":{"Frame0":[59.0,27.0,86.0,1.0],"Frame1":[30.0,27.0,57.0,1.0],"Frame2":[1.0,27.0,28.0,1.0],"Frame3":[88.0,27.0,115.0,1.0],"Frame4":[1.0,27.0,28.0,1.0],"Frame5":[30.0,27.0,57.0,1.0],"NumFrames":6,"Repeating":true,"SecsPerFrame":0.09000000357627869},"Animation1":{"Frame0":[86.0,27.0,59.0,1.0],"Frame1":[57.0,27.0,30.0,1.0],"Frame2":[28.0,27.0,1.0,1.0],"Frame3":[115.0,27.0,88.0,1.0],"Frame4":[28.0,27.0,1.0,1.0],"Frame5":[57.0,27.0,30.0,1.0],"NumFrames":6,"Repeating":true,"SecsPerFrame":0.09000000357627869},"Animation2":{"Frame0":[59.0,55.0,86.0,29.0],"Frame1":[30.0,55.0,57.0,29.0],"Frame2":[1.0,55.0,28.0,29.0],"Frame3":[88.0,55.0,115.0,29.0],"Frame4":[1.0,55.0,28.0,29.0],"Frame5":[30.0,55.0,57.0,29.0],"NumFrames":6,"Repeating":true,"SecsPerFrame":0.09000000357627869},"Animation3":{"Frame0":[86.0,55.0,59.0,29.0],"Frame1":[57.0,55.0,30.0,29.0],"Frame2":[28.0,55.0,1.0,29.0],"Frame3":[115.0,55.0,88.0,29.0],"Frame4":[28.0,55.0,1.0,29.0],"Frame5":[57.0,55.0,30.0,29.0],"NumFrames":6,"Repeating":true,"SecsPerFrame":0.09000000357627869},"Animation4":{"Frame0":[59.0,83.0,86.0,57.0],"Frame1":[30.0,83.0,57.0,57.0],"Frame2":[1.0,83.0,28.0,57.0],"Frame3":[88.0,83.0,115.0,57.0],"Frame4":[1.0,83.0,28.0,57.0],"Frame5":[30.0,83.0,57.0,57.0],"NumFrames":6,"Repeating":true,"SecsPerFrame":0.09000000357627869},"Animation5":{"Frame0":[86.0,83.0,59.0,57.0],"Frame1":[57.0,83.0,30.0,57.0],"Frame2":[28.0,83.0,1.0,57.0],"Frame3":[115.0,83.0,88.0,57.0],"Frame4":[28.0,83.0,1.0,57.0],"Frame5":[57.0,83.0,30.0,57.0],"NumFrames":6,"Repeating":true,"SecsPerFrame":0.09000000357627869},"FileName":"fairy.png","NumAnimations":6},"Identifier":{"Identifier":1052944,"MainCamera":false,"MainPlayer":false,"Name":"fairy9"},"PhysicsBody":{"BodyID":3435973836,"BodyPosition":[154.99632263183594,-207.97140502929688],"BodyType":0,"BottomLeft":[-14.0,-14.0],"BottomRight":[14.0,-14.0],"CenterOffset":[0.0,0.0],"CollideID":3435973836,"Friction":0.3499999940395355,"Gravity":false,"Height":28.0,"MaxVelo":20.0,"Radius":0.0,"TopLeft":[-14.0,14.0],"TopRight":[14.0,14.0],"Width":28.0,"isDynamic":true},"Sprite":{"BottomLeft":[0.0,0.0],"FileName":"fairy.png","Height":27,"IsSpriteSheet":false,"SizeScale":1.0,"TopRight":[1.0,1.0],"Width":28},"Transform":{"Position":[154.99632263183594,-207.97140502929688,5.0],"Rotation":[0.0,0.0,6.46388580207713e-05],"Scale":[28.0,27.0,1.0]}},"12":{"AnimationController":{"Active Animation":4,"Animation0":{"Frame0":[59.0,27.0,86.0,1.0],"Frame1":[30.0,27.0,57.0,1.0],"Frame2":[1.0,27.0,28.0,1.0],"Frame3":[88.0,27.0,115.0,1.0],"Frame4":[1.0,27.0,28.0,1.0],"Frame5":[30.0,27.0,57.0,1.0],"NumFrames":6,"Repeating":true,"SecsPerFrame":0.09000000357627869},"Animation1":{"Frame0":[86.0,27.0,59.0,1.0],"Frame1":[57.0,27.0,30.0,1.0],"Frame2":[28.0,27.0,1.0,1.0],"Frame3":[115.0,27.0,88.0,1.0],"Frame4":[28.0,27.0,1.0,1.0],"Frame5":[57.0,27.0,30.0,1.0],"NumFrames":6,"Repeating":true,"SecsPerFrame":0.09000000357627869},"Animation2":{"Frame0":[59.0,55.0,86.0,29.0],"Frame1":[30.0,55.0,57.0,29.0],"Frame2":[1.0,55.0,28.0,29.0],"Frame3":[88.0,55.0,115.0,29.0],"Frame4":[1.0,55.0,28.0,29.0],"Frame5":[30.0,55.0,57.0,29.0],"NumFrames":6,"Repeating":true,"SecsPerFrame":0.09000000357627869},"Animation3":{"Frame0":[86.0,55.0,59.0,29.0],"Frame1":[57.0,55.0,30.0,29.0],"Frame2":[28.0,55.0,1.0,29.0],"Frame3":[115.0,55.0,88.0,29.0],"Frame4":[28.0,55.0,1.0,29.0],"Frame5":[57.0,55.0,30.0,29.0],"NumFrames":6,"Repeating":true,"SecsPerFrame":0.09000000357627869},"Animation4":{"Frame0":[59.0,83.0,86.0,57.0],"Frame1":[30.0,83.0,57.0,57.0],"Frame2":[1.0,83.0,28.0,57.0],"Frame3":[88.0,83.0,115.0,57.0],"Frame4":[1.0,83.0,28.0,57.0],"Frame5":[30.0,83.0,57.0,57.0],"NumFrames":6,"Repeating":true,"SecsPerFrame":0.09000000357627869},"Animation5":{"Frame0":[86.0,83.0,59.0,57.0],"Frame1":[57.0,83.0,30.0,57.0],"Frame2":[28.0,83.0,1.0,57.0],"Frame3":[115.0,83.0,88.0,57.0],"Frame4":[28.0,83.0,1.0,57.0],"Frame5":[57.0,83.0,30.0,57.0],"NumFrames":6,"Repeating":true,"SecsPerFrame":0.09000000357627869},"FileName":"fairy.png","NumAnimations":6},"Identifier":{"Identifier":1052944,"MainCamera":false,"MainPlayer":false,"Name":"fairy8"},"PhysicsBody":{"BodyID":3435973836,"BodyPosition":[125.0143051147461,-207.9725341796875],"BodyType":0,"BottomLeft":[-14.0,-14.0],"BottomRight":[14.0,-14.0],"CenterOffset":[0.0,0.0],"CollideID":3435973836,"Friction":0.3499999940395355,"Gravity":false,"Height":28.0,"MaxVelo":20.0,"Radius":0.0,"TopLeft":[-14.0,14.0],"TopRight":[14.0,14.0],"Width":28.0,"isDynamic":true},"Sprite":{"BottomLeft":[0.0,0.0],"FileName":"fairy.png","Height":27,"IsSpriteSheet":false,"SizeScale":1.0,"TopRight":[1.0,1.0],"Width":28},"Transform":{"Position":[125.0143051147461,-207.9725341796875,5.0],"Rotation":[0.0,0.0,1.4050170648260973e-05],"Scale":[28.0,27.0,1.0]}},"13":{"AnimationController":{"Active Animation":0,"Animation0":{"Frame0":[59.0,27.0,86.0,1.0],"Frame1":[30.0,27.0,57.0,1.0],"Frame2":[1.0,27.0,28.0,1.0],"Frame3":[88.0,27.0,115.0,1.0],"Frame4":[1.0,27.0,28.0,1.0],"Frame5":[30.0,27.0,57.0,1.0],"NumFrames":6,"Repeating":true,"SecsPerFrame":0.09000000357627869},"Animation1":{"Frame0":[86.0,27.0,59.0,1.0],"Frame1":[57.0,27.0,30.0,1.0],"Frame2":[28.0,27.0,1.0,1.0],"Frame3":[115.0,27.0,88.0,1.0],"Frame4":[28.0,27.0,1.0,1.0],"Frame5":[57.0,27.0,30.0,1.0],"NumFrames":6,"Repeating":true,"SecsPerFrame":0.09000000357627869},"Animation2":{"Frame0":[59.0,55.0,86.0,29.0],"Frame1":[30.0,55.0,57.0,29.0],"Frame2":[1.0,55.0,28.0,29.0],"Frame3":[88.0,55.0,115.0,29.0],"Frame4":[1.0,55.0,28.0,29.0],"Frame5":[30.0,55.0,57.0,29.0],"NumFrames":6,"Repeating":true,"SecsPerFrame":0.09000000357627869},"Animation3":{"Frame0":[86.0,55.0,59.0,29.0],"Frame1":[57.0,55.0,30.0,29.0],"Frame2":[28.0,55.0,1.0,29.0],"Frame3":[115.0,55.0,88.0,29.0],"Frame4":[28.0,55.0,1.0,29.0],"Frame5":[57.0,55.0,30.0,29.0],"NumFrames":6,"Repeating":true,"SecsPerFrame":0.09000000357627869},"Animation4":{"Frame0":[59.0,83.0,86.0,57.0],"Frame1":[30.0,83.0,57.0,57.0],"Frame2":[1.0,83.0,28.0,57.0],"Frame3":[88.0,83.0,115.0,57.0],"Frame4":[1.0,83.0,28.0,57.0],"Frame5":[30.0,83.0,57.0,57.0],"NumFrames":6,"Repeating":true,"SecsPerFrame":0.09000000357627869},"Animation5":{"Frame0":[86.0,83.0,59.0,57.0],"Frame1":[57.0,83.0,30.0,57.0],"Frame2":[28.0,83.0,1.0,57.0],"Frame3":[115.0,83.0,88.0,57.0],"Frame4":[28.0,83.0,1.0,57.0],"Frame5":[57.0,83.0,30.0,57.0],"NumFrames":6,"Repeating":true,"SecsPerFrame":0.09000000357627869},"FileName":"fairy.png","NumAnimations":6},"Identifier":{"Identifier":1052944,"MainCamera":false,"MainPlayer":false,"Name":"fairy7"},"PhysicsBody":{"BodyID":3435973836,"BodyPosition":[95.02159118652344,-207.9716033935547],"BodyType":0,"BottomLeft":[-14.0,-14.0],"BottomRight":[14.0,-14.0],"CenterOffset":[0.0,0.0],"CollideID":3435973836,"Friction":0.3499999940395355,"Gravity":false,"Height":28.0,"MaxVelo":20.0,"Radius":0.0,"TopLeft":[-14.0,14.0],"TopRight":[14.0,14.0],"Width":28.0,"isDynamic":true},"Sprite":{"BottomLeft":[0.0,0.0],"FileName":"fairy.png","Height":27,"IsSpriteSheet":false,"SizeScale":1.0,"TopRight":[1.0,1.0],"Width":28},"Transform":{"Position":[95.02159118652344,-207.9716033935547,5.0],"Rotation":[0.0,0.0,-5.709525430575013e-05],"Scale":[28.0,27.0,1.0]}},"14":{"AnimationController":{"Active Animation":0,"Animation0":{"Frame0":[59.0,27.0,86.0,1.0],"Frame1":[30.0,27.0,57.0,1.0],"Frame2":[1.0,27.0,28.0,1.0],"Frame3":[88.0,27.0,115.0,1.0],"Frame4":[1.0,27.0,28.0,1.0],"Frame5":[30.0,27.0,57.0,1.0],"NumFrames":6,"Repeating":true,"SecsPerFrame":0.09000000357627869},"Animation1":{"Frame0":[86.0,27.0,59.0,1.0],"Frame1":[57.0,27.0,30.0,1.0],"Frame2":[28.0,27.0,1.0,1.0],"Frame3":[115.0,27.0,88.0,1.0],"Frame4":[28.0,27.0,1.0,1.0],"Frame5":[57.0,27.0,30.0,1.0],"NumFrames":6,"Repeating":true,"SecsPerFrame":0.09000000357627869},"Animation2":{"Frame0":[59.0,55.0,86.0,29.0],"Frame1":[30.0,55.0,57.0,29.0],"Frame2":[1.0,55.0,28.0,29.0],"Frame3":[88.0,55.0,115.0,29.0],"Frame4":[1.0,55.0,28.0,29.0],"Frame5":[30.0,55.0,57.0,29.0],"NumFrames":6,"Repeating":true,"SecsPerFrame":0.09000000357627869},"Animation3":{"Frame0":[86.0,55.0,59.0,29.0],"Frame1":[57.0,55.0,30.0,29.0],"Frame2":[28.0,55.0,1.0,29.0],"Frame3":[115.0,55.0,88.0,29.0],"Frame4":[28.0,55.0,1.0,29.0],"Frame5":[57.0,55.0,30.0,29.0],"NumFrames":6,"Repeating":true,"SecsPerFrame":0.09000000357627869},"Animation4":{"Frame0":[59.0,83.0,86.0,57.0],"Frame1":[30.0,83.0,57.0,57.0],"Frame2":[1.0,83.0,28.0,57.0],"Frame3":[88.0,83.0,115.0,57.0],"Frame4":[1.0,83.0,28.0,57.0],"Frame5":[30.0,83.0,57.0,57.0],"NumFrames":6,"Repeating":true,"SecsPerFrame":0.09000000357627869},"Animation5":{"Frame0":[86.0,83.0,59.0,57.0],"Frame1":[57.0,83.0,30.0,57.0],"Frame2":[28.0,83.0,1.0,57.0],"Frame3":[115.0,83.0,88.0,57.0],"Frame4":[28.0,83.0,1.0,57.0],"Frame5":[57.0,83.0,30.0,57.0],"NumFrames":6,"Repeating":true,"SecsPerFrame":0.09000000357627869},"FileName":"fairy.png","NumAnimations":6},"Identifier":{"Identifier":1052944,"MainCamera":false,"MainPlayer":false,"Name":"fairy6"},"PhysicsBody":{"BodyID":3435973836,"BodyPosition":[65.14061737060547,-207.96749877929688],"BodyType":0,"BottomLeft":[-14.0,-14.0],"BottomRight":[14.0,-14.0],"CenterOffset":[0.0,0.0],"CollideID":3435973836,"Friction":0.3499999940395355,"Gravity":false,"Height":28.0,"MaxVelo":20.0,"Radius":0.0,"TopLeft":[-14.0,14.0],"TopRight":[14.0,14.0],"Width":28.0,"isDynamic":true},"Sprite":{"BottomLeft":[0.0,0.0],"FileName":"fairy.png","Height":27,"IsSpriteSheet":false,"SizeScale":1.0,"TopRight":[1.0,1.0],"Width":28},"Transform":{"Position":[65.14061737060547,-207.96749877929688,5.0],"Rotation":[0.0,0.0,-0.00021316815400496125],"Scale":[28.0,27.0,1.0]}},"15":{"AnimationController":{"Active Animation":4,"Animation0":{"Frame0":[59.0,27.0,86.0,1.0],"Frame1":[30.0,27.0,57.0,1.0],"Frame2":[1.0,27.0,28.0,1.0],"Frame3":[88.0,27.0,115.0,1.0],"Frame4":[1.0,27.0,28.0,1.0],"Frame5":[30.0,27.0,57.0,1.0],"NumFrames":6,"Repeating":true,"SecsPerFrame":0.09000000357627869},"Animation1":{"Frame0":[86.0,27.0,59.0,1.0],"Frame1":[57.0,27.0,30.0,1.0],"Frame2":[28.0,27.0,1.0,1.0],"Frame3":[115.0,27.0,88.0,1.0],"Frame4":[28.0,27.0,1.0,1.0],"Frame5":[57.0,27.0,30.0,1.0],"NumFrames":6,"Repeating":true,"SecsPerFrame":0.09000000357627869},"Animation2":{"Frame0":[59.0,55.0,86.0,29.0],"Frame1":[30.0,55.0,57.0,29.0],"Frame2":[1.0,55.0,28.0,29.0],"Frame3":[88.0,55.0,115.0,29.0],"Frame4":[1.0,55.0,28.0,29.0],"Frame5":[30.0,55.0,57.0,29.0],"NumFrames":6,"Repeating":true,"SecsPerFrame":0.09000000357627869},"Animation3":{"Frame0":[86.0,55.0,59.0,29.0],"Frame1":[57.0,55.0,30.0,29.0],"Frame2":[28.0,55.0,1.0,29.0],"Frame3":[115.0,55.0,88.0,29.0],"Frame4":[28.0,55.0,1.0,29.0],"Frame5":[57.0,55.0,30.0,29.0],"NumFrames":6,"Repeating":true,"SecsPerFrame":0.09000000357627869},"Animation4":{"Frame0":[59.0,83.0,86.0,57.0],"Frame1":[30.0,83.0,57.0,57.0],"Frame2":[1.0,83.0,28.0,57.0],"Frame3":[88.0,83.0,115.0,57.0],"Frame4":[1.0,83.0,28.0,57.0],"Frame5":[30.0,83.0,57.0,57.0],"NumFrames":6,"Repeating":true,"SecsPerFrame":0.09000000357627869},"Animation5":{"Frame0":[86.0,83.0,59.0,57.0],"Frame1":[57.0,83.0,30.0,57.0],"Frame2":[28.0,83.0,1.0,57.0],"Frame3":[115.0,83.0,88.0,57.0],"Frame4":[28.0,83.0,1.0,57.0],"Frame5":[57.0,83.0,30.0,57.0],"NumFrames":6,"Repeating":true,"SecsPerFrame":0.09000000357627869},"FileName":"fairy.png","NumAnimations":6},"Identifier":{"Identifier":1052944,"MainCamera":false,"MainPlayer":false,"Name":"fairy5"},"PhysicsBody":{"BodyID":3435973836,"BodyPosition":[199.93954467773438,-235.98483276367188],"BodyType":0,"BottomLeft":[-14.0,-14.0],"BottomRight":[14.0,-14.0],"CenterOffset":[0.0,0.0],"CollideID":3435973836,"Friction":0.3499999940395355,"Gravity":false,"Height":28.0,"MaxVelo":20.0,"Radius":0.0,"TopLeft":[-14.0,14.0],"TopRight":[14.0,14.0],"Width":28.0,"isDynamic":true},"Sprite":{"BottomLeft":[0.0,0.0],"FileName":"fairy.png","Height":27,"IsSpriteSheet":false,"SizeScale":1.0,"TopRight":[1.0,1.0],"Width":28},"Transform":{"Position":[199.93954467773438,-235.98483276367188,5.0],"Rotation":[0.0,0.0,1.1465330317150801e-05],"Scale":[28.0,27.0,1.0]}},"16":{"AnimationController":{"Active Animation":5,"Animation0":{"Frame0":[59.0,27.0,86.0,1.0],"Frame1":[30.0,27.0,57.0,1.0],"Frame2":[1.0,27.0,28.0,1.0],"Frame3":[88.0,27.0,115.0,1.0],"Frame4":[1.0,27.0,28.0,1.0],"Frame5":[30.0,27.0,57.0,1.0],"NumFrames":6,"Repeating":true,"SecsPerFrame":0.09000000357627869},"Animation1":{"Frame0":[86.0,27.0,59.0,1.0],"Frame1":[57.0,27.0,30.0,1.0],"Frame2":[28.0,27.0,1.0,1.0],"Frame3":[115.0,27.0,88.0,1.0],"Frame4":[28.0,27.0,1.0,1.0],"Frame5":[57.0,27.0,30.0,1.0],"NumFrames":6,"Repeating":true,"SecsPerFrame":0.09000000357627869},"Animation2":{"Frame0":[59.0,55.0,86.0,29.0],"Frame1":[30.0,55.0,57.0,29.0],"Frame2":[1.0,55.0,28.0,29.0],"Frame3":[88.0,55.0,115.0,29.0],"Frame4":[1.0,55.0,28.0,29.0],"Frame5":[30.0,55.0,57.0,29.0],"NumFrames":6,"Repeating":true,"SecsPerFrame":0.09000000357627869},"Animation3":{"Frame0":[86.0,55.0,59.0,29.0],"Frame1":[57.0,55.0,30.0,29.0],"Frame2":[28.0,55.0,1.0,29.0],"Frame3":[115.0,55.0,88.0,29.0],"Frame4":[28.0,55.0,1.0,29.0],"Frame5":[57.0,55.0,30.0,29.0],"NumFrames":6,"Repeating":true,"SecsPerFrame":0.09000000357627869},"Animation4":{"Frame0":[59.0,83.0,86.0,57.0],"Frame1":[30.0,83.0,57.0,57.0],"Frame2":[1.0,83.0,28.0,57.0],"Frame3":[88.0,83.0,115.0,57.0],"Frame4":[1.0,83.0,28.0,57.0],"Frame5":[30.0,83.0,57.0,57.0],"NumFrames":6,"Repeating":true,"SecsPerFrame":0.09000000357627869},"Animation5":{"Frame0":[86.0,83.0,59.0,57.0],"Frame1":[57.0,83.0,30.0,57.0],"Frame2":[28.0,83.0,1.0,57.0],"Frame3":[115.0,83.0,88.0,57.0],"Frame4":[28.0,83.0,1.0,57.0],"Frame5":[57.0,83.0,30.0,57.0],"NumFrames":6,"Repeating":true,"SecsPerFrame":0.09000000357627869},"FileName":"fairy.png","NumAnimations":6},"Identifier":{"Identifier":1052944,"MainCamera":false,"MainPlayer":false,"Name":"fairy4"},"PhysicsBody":{"BodyID":3435973836,"BodyPosition":[170.00753784179688,-235.98532104492188],"BodyType":0,"BottomLeft":[-14.0,-14.0],"BottomRight":[14.0,-14.0],"CenterOffset":[0.0,0.0],"CollideID":3435973836,"Friction":0.3499999940395355,"Gravity":false,"Height":28.0,"MaxVelo":20.0,"Radius":0.0,"TopLeft":[-14.0,14.0],"TopRight":[14.0,14.0],"Width":28.0,"isDynamic":true},"Sprite":{"BottomLeft":[0.0,0.0],"FileName":"fairy.png","Height":27,"IsSpriteSheet":false,"SizeScale":1.0,"TopRight":[1.0,1.0],"Width":28},"Transform":{"Position":[170.00753784179688,-235.98532104492188,5.0],"Rotation":[0.0,0.0,1.7494972780696116e-05],"Scale":[28.0,27.0,1.0]}},"17":{"AnimationController":{"Active Animation":4,"Animation0":{"Frame0":[59.0,27.0,86.0,1.0],"Frame1":[30.0,27.0,57.0,1.0],"Frame2":[1.0,27.0,28.0,1.0],"Frame3":[88.0,27.0,115.0,1.0],"Frame4":[1.0,27.0,28.0,1.0],"Frame5":[30.0,27.0,57.0,1.0],"NumFrames":6,"Repeating":true,"SecsPerFrame":0.09000000357627869},"Animation1":{"Frame0":[86.0,27.0,59.0,1.0],"Frame1":[57.0,27.0,30.0,1.0],"Frame2":[28.0,27.0,1.0,1.0],"Frame3":[115.0,27.0,88.0,1.0],"Frame4":[28.0,27.0,1.0,1.0],"Frame5":[57.0,27.0,30.0,1.0],"NumFrames":6,"Repeating":true,"SecsPerFrame":0.09000000357627869},"Animation2":{"Frame0":[59.0,55.0,86.0,29.0],"Frame1":[30.0,55.0,57.0,29.0],"Frame2":[1.0,55.0,28.0,29.0],"Frame3":[88.0,55.0,115.0,29.0],"Frame4":[1.0,55.0,28.0,29.0],"Frame5":[30.0,55.0,57.0,29.0],"NumFrames":6,"Repeating":true,"SecsPerFrame":0.09000000357627869},"Animation3":{"Frame0":[86.0,55.0,59.0,29.0],"Frame1":[57.0,55.0,30.0,29.0],"Frame2":[28.0,55.0,1.0,29.0],"Frame3":[115.0,55.0,88.0,29.0],"Frame4":[28.0,55.0,1.0,29.0],"Frame5":[57.0,55.0,30.0,29.0],"NumFrames":6,"Repeating":true,"SecsPerFrame":0.09000000357627869},"Animation4":{"Frame0":[59.0,83.0,86.0,57.0],"Frame1":[30.0,83.0,57.0,57.0],"Frame2":[1.0,83.0,28.0,57.0],"Frame3":[88.0,83.0,115.0,57.0],"Frame4":[1.0,83.0,28.0,57.0],"Frame5":[30.0,83.0,57.0,57.0],"NumFrames":6,"Repeating":true,"SecsPerFrame":0.09000000357627869},"Animation5":{"Frame0":[86.0,83.0,59.0,57.0],"Frame1":[57.0,83.0,30.0,57.0],"Frame2":[28.0,83.0,1.0,57.0],"Frame3":[115.0,83.0,88.0,57.0],"Frame4":[28.0,83.0,1.0,57.0],"Frame5":[57.0,83.0,30.0,57.0],"NumFrames":6,"Repeating":true,"SecsPerFrame":0.09000000357627869},"FileName":"fairy.png","NumAnimations":6},"Identifier":{"Identifier":1052944,"MainCamera":false,"MainPlayer":false,"Name":"fairy3"},"PhysicsBody":{"BodyID":3435973836,"BodyPosition":[140.02333068847656,-235.98622131347656],"BodyType":0,"BottomLeft":[-14.0,-14.0],"BottomRight":[14.0,-14.0],"CenterOffset":[0.0,0.0],"CollideID":3435973836,"Friction":0.3499999940395355,"Gravity":false,"Height":28.0,"MaxVelo":20.0,"Radius":0.0,"TopLeft":[-14.0,14.0],"TopRight":[14.0,14.0],"Width":28.0,"isDynamic":true},"Sprite":{"BottomLeft":[0.0,0.0],"FileName":"fairy.png","Height":27,"IsSpriteSheet":false,"SizeScale":1.0,"TopRight":[1.0,1.0],"Width":28},"Transform":{"Position":[140.02333068847656,-235.98622131347656,5.0],"Rotation":[0.0,0.0,1.792912917153444e-05],"Scale":[28.0,27.0,1.0]}},"18":{"AnimationController":{"Active Animation":4,"Animation0":{"Frame0":[59.0,27.0,86.0,1.0],"Frame1":[30.0,27.0,57.0,1.0],"Frame2":[1.0,27.0,28.0,1.0],"Frame3":[88.0,27.0,115.0,1.0],"Frame4":[1.0,27.0,28.0,1.0],"Frame5":[30.0,27.0,57.0,1.0],"NumFrames":6,"Repeating":true,"SecsPerFrame":0.09000000357627869},"Animation1":{"Frame0":[86.0,27.0,59.0,1.0],"Frame1":[57.0,27.0,30.0,1.0],"Frame2":[28.0,27.0,1.0,1.0],"Frame3":[115.0,27.0,88.0,1.0],"Frame4":[28.0,27.0,1.0,1.0],"Frame5":[57.0,27.0,30.0,1.0],"NumFrames":6,"Repeating":true,"SecsPerFrame":0.09000000357627869},"Animation2":{"Frame0":[59.0,55.0,86.0,29.0],"Frame1":[30.0,55.0,57.0,29.0],"Frame2":[1.0,55.0,28.0,29.0],"Frame3":[88.0,55.0,115.0,29.0],"Frame4":[1.0,55.0,28.0,29.0],"Frame5":[30.0,55.0,57.0,29.0],"NumFrames":6,"Repeating":true,"SecsPerFrame":0.09000000357627869},"Animation3":{"Frame0":[86.0,55.0,59.0,29.0],"Frame1":[57.0,55.0,30.0,29.0],"Frame2":[28.0,55.0,1.0,29.0],"Frame3":[115.0,55.0,88.0,29.0],"Frame4":[28.0,55.0,1.0,29.0],"Frame5":[57.0,55.0,30.0,29.0],"NumFrames":6,"Repeating":true,"SecsPerFrame":0.09000000357627869},"Animation4":{"Frame0":[59.0,83.0,86.0,57.0],"Frame1":[30.0,83.0,57.0,57.0],"Frame2":[1.0,83.0,28.0,57.0],"Frame3":[88.0,83.0,115.0,57.0],"Frame4":[1.0,83.0,28.0,57.0],"Frame5":[30.0,83.0,57.0,57.0],"NumFrames":6,"Repeating":true,"SecsPerFrame":0.09000000357627869},"Animation5":{"Frame0":[86.0,83.0,59.0,57.0],"Frame1":[57.0,83.0,30.0,57.0],"Frame2":[28.0,83.0,1.0,57.0],"Frame3":[115.0,83.0,88.0,57.0],"Frame4":[28.0,83.0,1.0,57.0],"Frame5":[57.0,83.0,30.0,57.0],"NumFrames":6,"Repeating":true,"SecsPerFrame":0.09000000357627869},"FileName":"fairy.png","NumAnimations":6},"Identifier":{"Identifier":1052944,"MainCamera":false,"MainPlayer":false,"Name":"fairy2"},"PhysicsBody":{"BodyID":3435973836,"BodyPosition":[109.98809814453125,-235.986328125],"BodyType":0,"BottomLeft":[-14.0,-14.0],"BottomRight":[14.0,-14.0],"CenterOffset":[0.0,0.0],"CollideID":3435973836,"Friction":0.3499999940395355,"Gravity":false,"Height":28.0,"MaxVelo":20.0,"Radius":0.0,"TopLeft":[-14.0,14.0],"TopRight":[14.0,14.0],"Width":28.0,"isDynamic":true},"Sprite":{"BottomLeft":[0.0,0.0],"FileName":"fairy.png","Height":27,"IsSpriteSheet":false,"SizeScale":1.0,"TopRight":[1.0,1.0],"Width":28},"Transform":{"Position":[109.98809814453125,-235.986328125,5.0],"Rotation":[0.0,0.0,-9.285382475354709e-06],"Scale":[28.0,27.0,1.0]}},"19":{"AnimationController":{"Active Animation":5,"Animation0":{"Frame0":[59.0,27.0,86.0,1.0],"Frame1":[30.0,27.0,57.0,1.0],"Frame2":[1.0,27.0,28.0,1.0],"Frame3":[88.0,27.0,115.0,1.0],"Frame4":[1.0,27.0,28.0,1.0],"Frame5":[30.0,27.0,57.0,1.0],"NumFrames":6,"Repeating":true,"SecsPerFrame":0.09000000357627869},"Animation1":{"Frame0":[86.0,27.0,59.0,1.0],"Frame1":[57.0,27.0,30.0,1.0],"Frame2":[28.0,27.0,1.0,1.0],"Frame3":[115.0,27.0,88.0,1.0],"Frame4":[28.0,27.0,1.0,1.0],"Frame5":[57.0,27.0,30.0,1.0],"NumFrames":6,"Repeating":true,"SecsPerFrame":0.09000000357627869},"Animation2":{"Frame0":[59.0,55.0,86.0,29.0],"Frame1":[30.0,55.0,57.0,29.0],"Frame2":[1.0,55.0,28.0,29.0],"Frame3":[88.0,55.0,115.0,29.0],"Frame4":[1.0,55.0,28.0,29.0],"Frame5":[30.0,55.0,57.0,29.0],"NumFrames":6,"Repeating":true,"SecsPerFrame":0.09000000357627869},"Animation3":{"Frame0":[86.0,55.0,59.0,29.0],"Frame1":[57.0,55.0,30.0,29.0],"Frame2":[28.0,55.0,1.0,29.0],"Frame3":[115.0,55.0,88.0,29.0],"Frame4":[28.0,55.0,1.0,29.0],"Frame5":[57.0,55.0,30.0,29.0],"NumFrames":6,"Repeating":true,"SecsPerFrame":0.09000000357627869},"Animation4":{"Frame0":[59.0,83.0,86.0,57.0],"Frame1":[30.0,83.0,57.0,57.0],"Frame2":[1.0,83.0,28.0,57.0],"Frame3":[88.0,83.0,115.0,57.0],"Frame4":[1.0,83.0,28.0,57.0],"Frame5":[30.0,83.0,57.0,57.0],"NumFrames":6,"Repeating":true,"SecsPerFrame":0.09000000357627869},"Animation5":{"Frame0":[86.0,83.0,59.0,57.0],"Frame1":[57.0,83.0,30.0,57.0],"Frame2":[28.0,83.0,1.0,57.0],"Frame3":[115.0,83.0,88.0,57.0],"Frame4":[28.0,83.0,1.0,57.0],"Frame5":[57.0,83.0,30.0,57.0],"NumFrames":6,"Repeating":true,"SecsPerFrame":0.09000000357627869},"FileName":"fairy.png","NumAnimations":6},"Identifier":{"Identifier":1052944,"MainCamera":false,"MainPlayer":false,"Name":"fairy1"},"PhysicsBody":{"BodyID":3435973836,"BodyPosition":[80.01342010498047,-235.9853973388672],"BodyType":0,"BottomLeft":[-14.0,-14.0],"BottomRight":[14.0,-14.0],"CenterOffset":[0.0,0.0],"CollideID":3435973836,"Friction":0.3499999940395355,"Gravity":false,"Height":28.0,"MaxVelo":20.0,"Radius":0.0,"TopLeft":[-14.0,14.0],"TopRight":[14.0,14.0],"Width":28.0,"isDynamic":true},"Sprite":{"BottomLeft":[0.0,0.0],"FileName":"fairy.png","Height":27,"IsSpriteSheet":false,"SizeScale":1.0,"TopRight":[1.0,1.0],"Width":28},"Transform":{"Position":[80.01342010498047,-235.9853973388672,5.0],"Rotation":[0.0,0.0,-2.0694409613497555e-05],"Scale":[28.0,27.0,1.0]}},"2":{"AnimationController":{"Active Animation":3,"Animation0":{"Frame0":[59.0,27.0,86.0,1.0],"Frame1":[30.0,27.0,57.0,1.0],"Frame2":[1.0,27.0,28.0,1.0],"Frame3":[88.0,27.0,115.0,1.0],"Frame4":[1.0,27.0,28.0,1.0],"Frame5":[30.0,27.0,57.0,1.0],"NumFrames":6,"Repeating":true,"SecsPerFrame":0.09000000357627869},"Animation1":{"Frame0":[86.0,27.0,59.0,1.0],"Frame1":[57.0,27.0,30.0,1.0],"Frame2":[28.0,27.0,1.0,1.0],"Frame3":[115.0,27.0,88.0,1.0],"Frame4":[28.0,27.0,1.0,1.0],"Frame5":[57.0,27.0,30.0,1.0],"NumFrames":6,"Repeating":true,"SecsPerFrame":0.09000000357627869},"Animation2":{"Frame0":[59.0,55.0,86.0,29.0],"Frame1":[30.0,55.0,57.0,29.0],"Frame2":[1.0,55.0,28.0,29.0],"Frame3":[88.0,55.0,115.0,29.0],"Frame4":[1.0,55.0,28.0,29.0],"Frame5":[30.0,55.0,57.0,29.0],"NumFrames":6,"Repeating":true,"SecsPerFrame":0.09000000357627869},"Animation3":{"Frame0":[86.0,55.0,59.0,29.0],"Frame1":[57.0,55.0,30.0,29.0],"Frame2":[28.0,55.0,1.0,29.0],"Frame3":[115.0,55.0,88.0,29.0],"Frame4":[28.0,55.0,1.0,29.0],"Frame5":[57.0,55.0,30.0,29.0],"NumFrames":6,"Repeating":true,"SecsPerFrame":0.09000000357627869},"Animation4":{"Frame0":[59.0,83.0,86.0,57.0],"Frame1":[30.0,83.0,57.0,57.0],"Frame2":[1.0,83.0,28.0,57.0],"Frame3":[88.0,83.0,115.0,57.0],"Frame4":[1.0,83.0,28.0,57.0],"Frame5":[30.0,83.0,57.0,57.0],"NumFrames":6,"Repeating":true,"SecsPerFrame":0.09000000357627869},"Animation5":{"Frame0":[86.0,83.0,59.0,57.0],"Frame1":[57.0,83.0,30.0,57.0],"Frame2":[28.0,83.0,1.0,57.0],"Frame3":[115.0,83.0,88.0,57.0],"Frame4":[28.0,83.0,1.0,57.0],"Frame5":[57.0,83.0,30.0,57.0],"NumFrames":6,"Repeating":true,"SecsPerFrame":0.09000000357627869},"FileName":"fairy.png","NumAnimations":6},"Identifier":{"Identifier":1052944,"MainCamera":false,"MainPlayer":false,"Name":"fairy18"},"PhysicsBody":{"BodyID":3435973836,"BodyPosition":[110.12200927734375,-123.92538452148438],"BodyType":0,"BottomLeft":[-14.0,-14.0],"BottomRight":[14.0,-14.0],"CenterOffset":[0.0,0.0],"CollideID":3435973836,"Friction":0.3499999940395355,"Gravity":false,"Height":28.0,"MaxVelo":20.0,"Radius":0.0,"TopLeft":[-14.0,14.0],"TopRight":[14.0,14.0],"Width":28.0,"isDynamic":true},"Sprite":{"BottomLeft":[0.0,0.0],"FileName":"fairy.png","Height":27,"IsSpriteSheet":false,"SizeScale":1.0,"TopRight":[1.0,1.0],"Width":28},"Transform":{"Position":[110.12200927734375,-123.92538452148438,5.0],"Rotation":[0.0,0.0,-0.00022386979253496975],"Scale":[28.0,27.0,1.0]}},"20":{"AnimationController":{"Active Animation":5,"Animation0":{"Frame0":[59.0,27.0,86.0,1.0],"Frame1":[30.0,27.0,57.0,1.0],"Frame2":[1.0,27.0,28.0,1.0],"Frame3":[88.0,27.0,115.0,1.0],"Frame4":[1.0,27.0,28.0,1.0],"Frame5":[30.0,27.0,57.0,1.0],"NumFrames":6,"Repeating":true,"SecsPerFrame":0.09000000357627869},"Animation1":{"Frame0":[86.0,27.0,59.0,1.0],"Frame1":[57.0,27.0,30.0,1.0],"Frame2":[28.0,27.0,1.0,1.0],"Frame3":[115.0,27.0,88.0,1.0],"Frame4":[28.0,27.0,1.0,1.0],"Frame5":[57.0,27.0,30.0,1.0],"NumFrames":6,"Repeating":true,"SecsPerFrame":0.09000000357627869},"Animation2":{"Frame0":[59.0,55.0,86.0,29.0],"Frame1":[30.0,55.0,57.0,29.0],"Frame2":[1.0,55.0,28.0,29.0],"Frame3":[88.0,55.0,115.0,29.0],"Frame4":[1.0,55.0,28.0,29.0],"Frame5":[30.0,55.0,57.0,29.0],"NumFrames":6,"Repeating":true,"SecsPerFrame":0.09000000357627869},"Animation3":{"Frame0":[86.0,55.0,59.0,29.0],"Frame1":[57.0,55.0,30.0,29.0],"Frame2":[28.0,55.0,1.0,29.0],"Frame3":[115.0,55.0,88.0,29.0],"Frame4":[28.0,55.0,1.0,29.0],"Frame5":[57.0,55.0,30.0,29.0],"NumFrames":6,"Repeating":true,"SecsPerFrame":0.09000000357627869},"Animation4":{"Frame0":[59.0,83.0,86.0,57.0],"Frame1":[30.0,83.0,57.0,57.0],"Frame2":[1.0,83.0,28.0,57.0],"Frame3":[88.0,83.0,115.0,57.0],"Frame4":[1.0,83.0,28.0,57.0],"Frame5":[30.0,83.0,57.0,57.0],"NumFrames":6,"Repeating":true,"SecsPerFrame":0.09000000357627869},"Animation5":{"Frame0":[86.0,83.0,59.0,57.0],"Frame1":[57.0,83.0,30.0,57.0],"Frame2":[28.0,83.0,1.0,57.0],"Frame3":[115.0,83.0,88.0,57.0],"Frame4":[28.0,83.0,1.0,57.0],"Frame5":[57.0,83.0,30.0,57.0],"NumFrames":6,"Repeating":true,"SecsPerFrame":0.09000000357627869},"FileName":"fairy.png","NumAnimations":6},"Identifier":{"Identifier":1052944,"MainCamera":false,"MainPlayer":false,"Name":"fairy0"},"PhysicsBody":{"BodyID":3435973836,"BodyPosition":[50.071468353271484,-235.9844207763672],"BodyType":0,"BottomLeft":[-14.0,-14.0],"BottomRight":[14.0,-14.0],"CenterOffset":[0.0,0.0],"CollideID":3435973836,"Friction":0.3499999940395355,"Gravity":false,"Height":28.0,"MaxVelo":20.0,"Radius":0.0,"TopLeft":[-14.0,14.0],"TopRight":[14.0,14.0],"Width":28.0,"isDynamic":true},"Sprite":{"BottomLeft":[0.0,0.0],"FileName":"fairy.png","Height":27,"IsSpriteSheet":false,"SizeScale":1.0,"TopRight":[1.0,1.0],"Width":28},"Transform":{"Position":[50.071468353271484,-235.9844207763672,5.0],"Rotation":[0.0,0.0,-4.116384661756456e-05],"Scale":[28.0,27.0,1.0]}},"21":{"AnimationController":{"Active Animation":0,"Animation0":{"Frame0":[1.0,55.0,60.0,1.0],"Frame1":[62.0,55.0,121.0,1.0],"Frame2":[123.0,55.0,182.0,1.0],"Frame3":[184.0,55.0,243.0,1.0],"Frame4":[245.0,55.0,304.0,1.0],"Frame5":[306.0,55.0,365.0,1.0],"Frame6":[367.0,55.0,426.0,1.0],"Frame7":[428.0,55.0,487.0,1.0],"NumFrames":8,"Repeating":true,"SecsPerFrame":0.09000000357627869},"Animation1":{"Frame0":[60.0,55.0,1.0,1.0],"Frame1":[121.0,55.0,62.0,1.0],"Frame2":[182.0,55.0,123.0,1.0],"Frame3":[243.0,55.0,184.0,1.0],"Frame4":[304.0,55.0,245.0,1.0],"Frame5":[365.0,55.0,306.0,1.0],"Frame6":[426.0,55.0,367.0,1.0],"Frame7":[487.0,55.0,428.0,1.0],"NumFrames":8,"Repeating":true,"SecsPerFrame":0.09000000357627869},"FileName":"bunsheet.png","NumAnimations":2},"Identifier":{"Identifier":1052944,"MainCamera":false,"MainPlayer":false,"Name":"bun 2 "},"PhysicsBody":{"BodyID":3435973836,"BodyPosition":[-89.4974594116211,-252.99502563476563],"BodyType":1,"BottomLeft":[-27.0,-27.0],"BottomRight":[27.0,-27.0],"CenterOffset":[0.0,0.0],"CollideID":3435973836,"Friction":0.3499999940395355,"Gravity":false,"Height":54.0,"MaxVelo":1000.0,"Radius":0.0,"TopLeft":[-27.0,27.0],"TopRight":[27.0,27.0],"Width":54.0,"isDynamic":true},"Sprite":{"BottomLeft":[0.0,0.0],"FileName":"bunsheet.png","Height":54,"IsSpriteSheet":false,"SizeScale":1.0,"TopRight":[1.0,1.0],"Width":59},"Transform":{"Position":[-89.4974594116211,-252.99502563476563,0.0],"Rotation":[0.0,0.0,-3.4174343856076955e-14],"Scale":[59.0,54.0,1.0]}},"22":{"AnimationController":{"Active Animation":0,"Animation0":{"Frame0":[1.0,55.0,60.0,1.0],"Frame1":[62.0,55.0,121.0,1.0],"Frame2":[123.0,55.0,182.0,1.0],"Frame3":[184.0,55.0,243.0,1.0],"Frame4":[245.0,55.0,304.0,1.0],"Frame5":[306.0,55.0,365.0,1.0],"Frame6":[367.0,55.0,426.0,1.0],"Frame7":[428.0,55.0,487.0,1.0],"NumFrames":8,"Repeating":true,"SecsPerFrame":0.09000000357627869},"Animation1":{"Frame0":[60.0,55.0,1.0,1.0],"Frame1":[121.0,55.0,62.0,1.0],"Frame2":[182.0,55.0,123.0,1.0],"Frame3":[243.0,55.0,184.0,1.0],"Frame4":[304.0,55.0,245.0,1.0],"Frame5":[365.0,55.0,306.0,1.0],"Frame6":[426.0,55.0,367.0,1.0],"Frame7":[487.0,55.0,428.0,1.0],"NumFrames":8,"Repeating":true,"SecsPerFrame":0.09000000357627869},"FileName":"bunsheet.png","NumAnimations":2},"Identifier":{"Identifier":1052944,"MainCamera":false,"MainPlayer":true,"Name":"bun"},"PhysicsBody":{"BodyID":3435973836,"BodyPosition":[45.959835052490234,-123.01398468017578],"BodyType":1,"BottomLeft":[-27.0,-27.0],"BottomRight":[27.0,-27.0],"CenterOffset":[0.0,0.0],"CollideID":3435973836,"Friction":0.3499999940395355,"Gravity":false,"Height":54.0,"MaxVelo":1000.0,"Radius":0.0,"TopLeft":[-27.0,27.0],"TopRight":[27.0,27.0],"Width":54.0,"isDynamic":true},"Sprite":{"BottomLeft":[0.0,0.0],"FileName":"bunsheet.png","Height":54,"IsSpriteSheet":false,"SizeScale":1.0,"TopRight":[1.0,1.0],"Width":59},"Transform":{"Position":[45.959835052490234,-123.01398468017578,0.0],"Rotation":[0.0,0.0,-3.824798583984375],"Scale":[59.0,54.0,1.0]}},"23":{"Identifier":{"Identifier":256,"MainCamera":false,"MainPlayer":false,"Name":"Pyramid base"},"Transform":{"Position":[125.0,-250.0,0.0],"Rotation":[0.0,0.0,0.0],"Scale":[1.0,1.0,1.0]}},"24":{"Identifier":{"Identifier":256,"MainCamera":false,"MainPlayer":false,"Name":"Wall left"},"Transform":{"Position":[-550.0,0.0,0.0],"Rotation":[0.0,0.0,0.0],"Scale":[1.0,1.0,1.0]}},"25":{"Identifier":{"Identifier":256,"MainCamera":false,"MainPlayer":false,"Name":"Wall right"},"Transform":{"Position":[550.0,0.0,0.0],"Rotation":[0.0,0.0,0.0],"Scale":[1.0,1.0,1.0]}},"26":{"Identifier":{"Identifier":256,"MainCamera":false,"MainPlayer":false,"Name":"Roof"},"Transform":{"Position":[0.0,280.0,0.0],"Rotation":[0.0,0.0,0.0],"Scale":[1.0,1.0,1.0]}},"27":{"Identifier":{"Identifier":256,"MainCamera":false,"MainPlayer":false,"Name":"Floor"},"Transform":{"Position":[0.0,-280.0,0.0],"Rotation":[0.0,0.0,0.0],"Scale":[1.0,1.0,1.0]}},"28":{"Identifier":{"Identifier":272,"MainCamera":false,"MainPlayer":false,"Name":"Front Fence"},"Sprite":{"BottomLeft":[0.0,0.0],"FileName":"FrontFence.png","Height":670,"IsSpriteSheet":false,"SizeScale":1.0,"TopRight":[1.0,1.0],"Width":1200},"Transform":{"Position":[0.0,0.0,20.0],"Rotation":[0.0,0.0,0.0],"Scale":[1200.0,670.0,1.0]}},"29":{"Identifier":{"Identifier":272,"MainCamera":false,"MainPlayer":false,"Name":"Background"},"Sprite":{"BottomLeft":[0.0,0.0],"FileName":"Background.png","Height":670,"IsSpriteSheet":false,"SizeScale":1.0,"TopRight":[1.0,1.0],"Width":1200},"Transform":{"Position":[0.0,0.0,-10.0],"Rotation":[0.0,0.0,0.0],"Scale":[1200.0,670.0,1.0]}},"3":{"AnimationController":{"Active Animation":2,"Animation0":{"Frame0":[59.0,27.0,86.0,1.0],"Frame1":[30.0,27.0,57.0,1.0],"Frame2":[1.0,27.0,28.0,1.0],"Frame3":[88.0,27.0,115.0,1.0],"Frame4":[1.0,27.0,28.0,1.0],"Frame5":[30.0,27.0,57.0,1.0],"NumFrames":6,"Repeating":true,"SecsPerFrame":0.09000000357627869},"Animation1":{"Frame0":[86.0,27.0,59.0,1.0],"Frame1":[57.0,27.0,30.0,1.0],"Frame2":[28.0,27.0,1.0,1.0],"Frame3":[115.0,27.0,88.0,1.0],"Frame4":[28.0,27.0,1.0,1.0],"Frame5":[57.0,27.0,30.0,1.0],"NumFrames":6,"Repeating":true,"SecsPerFrame":0.09000000357627869},"Animation2":{"Frame0":[59.0,55.0,86.0,29.0],"Frame1":[30.0,55.0,57.0,29.0],"Frame2":[1.0,55.0,28.0,29.0],"Frame3":[88.0,55.0,115.0,29.0],"Frame4":[1.0,55.0,28.0,29.0],"Frame5":[30.0,55.0,57.0,29.0],"NumFrames":6,"Repeating":true,"SecsPerFrame":0.09000000357627869},"Animation3":{"Frame0":[86.0,55.0,59.0,29.0],"Frame1":[57.0,55.0,30.0,29.0],"Frame2":[28.0,55.0,1.0,29.0],"Frame3":[115.0,55.0,88.0,29.0],"Frame4":[28.0,55.0,1.0,29.0],"Frame5":[57.0,55.0,30.0,29.0],"NumFrames":6,"Repeating":true,"SecsPerFrame":0.09000000357627869},"Animation4":{"Frame0":[59.0,83.0,86.0,57.0],"Frame1":[30.0,83.0,57.0,57.0],"Frame2":[1.0,83.0,28.0,57.0],"Frame3":[88.0,83.0,115.0,57.0],"Frame4":[1.0,83.0,28.0,57.0],"Frame5":[30.0,83.0,57.0,57.0],"NumFrames":6,"Repeating":true,"SecsPerFrame":0.09000000357627869},"Animation5":{"Frame0":[86.0,83.0,59.0,57.0],"Frame1":[57.0,83.0,30.0,57.0],"Frame2":[28.0,83.0,1.0,57.0],"Frame3":[115.0,83.0,88.0,57.0],"Frame4":[28.0,83.0,1.0,57.0],"Frame5":[57.0,83.0,30.0,57.0],"NumFrames":6,"Repeating":true,"SecsPerFrame":0.09000000357627869},"FileName":"fairy.png","NumAnimations":6},"Identifier":{"Identifier":1052944,"MainCamera":false,"MainPlayer":false,"Name":"fairy17"},"PhysicsBody":{"BodyID":3435973836,"BodyPosition":[154.9770965576172,-151.94190979003906],"BodyType":0,"BottomLeft":[-14.0,-14.0],"BottomRight":[14.0,-14.0],"CenterOffset":[0.0,0.0],"CollideID":3435973836,"Friction":0.3499999940395355,"Gravity":false,"Height":28.0,"MaxVelo":20.0,"Radius":0.0,"TopLeft":[-14.0,14.0],"TopRight":[14.0,14.0],"Width":28.0,"isDynamic":true},"Sprite":{"BottomLeft":[0.0,0.0],"FileName":"fairy.png","Height":27,"IsSpriteSheet":false,"SizeScale":1.0,"TopRight":[1.0,1.0],"Width":28},"Transform":{"Position":[154.9770965576172,-151.94190979003906,5.0],"Rotation":[0.0,0.0,9.328160376753658e-05],"Scale":[28.0,27.0,1.0]}},"30":{"Camera":{"FarPlane":100.0,"Fov":0.0,"NearPlane":-100.0,"OrthoPos":[-58.455596923828125,141.54440307617188,-238.63058471679688,-38.630584716796875],"OrthoSize":[-100.0,100.0,-100.0,100.0],"Position":[41.544403076171875,-138.63058471679688,0.0],"ProjectionType":1,"Rotation":[0.0,0.0,0.0]},"Identifier":{"Identifier":16777217,"MainCamera":true,"MainPlayer":false,"Name":"Scrolling Camera"},"ScrollCam":{"Offsetx":15.0,"Offsety":15.0}},"4":{"AnimationController":{"Active Animation":1,"Animation0":{"Frame0":[59.0,27.0,86.0,1.0],"Frame1":[30.0,27.0,57.0,1.0],"Frame2":[1.0,27.0,28.0,1.0],"Frame3":[88.0,27.0,115.0,1.0],"Frame4":[1.0,27.0,28.0,1.0],"Frame5":[30.0,27.0,57.0,1.0],"NumFrames":6,"Repeating":true,"SecsPerFrame":0.09000000357627869},"Animation1":{"Frame0":[86.0,27.0,59.0,1.0],"Frame1":[57.0,27.0,30.0,1.0],"Frame2":[28.0,27.0,1.0,1.0],"Frame3":[115.0,27.0,88.0,1.0],"Frame4":[28.0,27.0,1.0,1.0],"Frame5":[57.0,27.0,30.0,1.0],"NumFrames":6,"Repeating":true,"SecsPerFrame":0.09000000357627869},"Animation2":{"Frame0":[59.0,55.0,86.0,29.0],"Frame1":[30.0,55.0,57.0,29.0],"Frame2":[1.0,55.0,28.0,29.0],"Frame3":[88.0,55.0,115.0,29.0],"Frame4":[1.0,55.0,28.0,29.0],"Frame5":[30.0,55.0,57.0,29.0],"NumFrames":6,"Repeating":true,"SecsPerFrame":0.09000000357627869},"Animation3":{"Frame0":[86.0,55.0,59.0,29.0],"Frame1":[57.0,55.0,30.0,29.0],"Frame2":[28.0,55.0,1.0,29.0],"Frame3":[115.0,55.0,88.0,29.0],"Frame4":[28.0,55.0,1.0,29.0],"Frame5":[57.0,55.0,30.0,29.0],"NumFrames":6,"Repeating":true,"SecsPerFrame":0.09000000357627869},"Animation4":{"Frame0":[59.0,83.0,86.0,57.0],"Frame1":[30.0,83.0,57.0,57.0],"Frame2":[1.0,83.0,28.0,57.0],"Frame3":[88.0,83.0,115.0,57.0],"Frame4":[1.0,83.0,28.0,57.0],"Frame5":[30.0,83.0,57.0,57.0],"NumFrames":6,"Repeating":true,"SecsPerFrame":0.09000000357627869},"Animation5":{"Frame0":[86.0,83.0,59.0,57.0],"Frame1":[57.0,83.0,30.0,57.0],"Frame2":[28.0,83.0,1.0,57.0],"Frame3":[115.0,83.0,88.0,57.0],"Frame4":[28.0,83.0,1.0,57.0],"Frame5":[57.0,83.0,30.0,57.0],"NumFrames":6,"Repeating":true,"SecsPerFrame":0.09000000357627869},"FileName":"fairy.png","NumAnimations":6},"Identifier":{"Identifier":1052944,"MainCamera":false,"MainPlayer":false,"Name":"fairy16"},"PhysicsBody":{"BodyID":3435973836,"BodyPosition":[125.62503814697266,-151.94325256347656],"BodyType":0,"BottomLeft":[-14.0,-14.0],"BottomRight":[14.0,-14.0],"CenterOffset":[0.0,0.0],"CollideID":3435973836,"Friction":0.3499999940395355,"Gravity":false,"Height":28.0,"MaxVelo":20.0,"Radius":0.0,"TopLeft":[-14.0,14.0],"TopRight":[14.0,14.0],"Width":28.0,"isDynamic":true},"Sprite":{"BottomLeft":[0.0,0.0],"FileName":"fairy.png","Height":27,"IsSpriteSheet":false,"SizeScale":1.0,"TopRight":[1.0,1.0],"Width":28},"Transform":{"Position":[125.62503814697266,-151.94325256347656,5.0],"Rotation":[0.0,0.0,-9.711059828987345e-05],"Scale":[28.0,27.0,1.0]}},"5":{"AnimationController":{"Active Animation":5,"Animation0":{"Frame0":[59.0,27.0,86.0,1.0],"Frame1":[30.0,27.0,57.0,1.0],"Frame2":[1.0,27.0,28.0,1.0],"Frame3":[88.0,27.0,115.0,1.0],"Frame4":[1.0,27.0,28.0,1.0],"Frame5":[30.0,27.0,57.0,1.0],"NumFrames":6,"Repeating":true,"SecsPerFrame":0.09000000357627869},"Animation1":{"Frame0":[86.0,27.0,59.0,1.0],"Frame1":[57.0,27.0,30.0,1.0],"Frame2":[28.0,27.0,1.0,1.0],"Frame3":[115.0,27.0,88.0,1.0],"Frame4":[28.0,27.0,1.0,1.0],"Frame5":[57.0,27.0,30.0,1.0],"NumFrames":6,"Repeating":true,"SecsPerFrame":0.09000000357627869},"Animation2":{"Frame0":[59.0,55.0,86.0,29.0],"Frame1":[30.0,55.0,57.0,29.0],"Frame2":[1.0,55.0,28.0,29.0],"Frame3":[88.0,55.0,115.0,29.0],"Frame4":[1.0,55.0,28.0,29.0],"Frame5":[30.0,55.0,57.0,29.0],"NumFrames":6,"Repeating":true,"SecsPerFrame":0.09000000357627869},"Animation3":{"Frame0":[86.0,55.0,59.0,29.0],"Frame1":[57.0,55.0,30.0,29.0],"Frame2":[28.0,55.0,1.0,29.0],"Frame3":[115.0,55.0,88.0,29.0],"Frame4":[28.0,55.0,1.0,29.0],"Frame5":[57.0,55.0,30.0,29.0],"NumFrames":6,"Repeating":true,"SecsPerFrame":0.09000000357627869},"Animation4":{"Frame0":[59.0,83.0,86.0,57.0],"Frame1":[30.0,83.0,57.0,57.0],"Frame2":[1.0,83.0,28.0,57.0],"Frame3":[88.0,83.0,115.0,57.0],"Frame4":[1.0,83.0,28.0,57.0],"Frame5":[30.0,83.0,57.0,57.0],"NumFrames":6,"Repeating":true,"SecsPerFrame":0.09000000357627869},"Animation5":{"Frame0":[86.0,83.0,59.0,57.0],"Frame1":[57.0,83.0,30.0,57.0],"Frame2":[28.0,83.0,1.0,57.0],"Frame3":[115.0,83.0,88.0,57.0],"Frame4":[28.0,83.0,1.0,57.0],"Frame5":[57.0,83.0,30.0,57.0],"NumFrames":6,"Repeating":true,"SecsPerFrame":0.09000000357627869},"FileName":"fairy.png","NumAnimations":6},"Identifier":{"Identifier":1052944,"MainCamera":false,"MainPlayer":false,"Name":"fairy15"},"PhysicsBody":{"BodyID":3435973836,"BodyPosition":[97.6123275756836,-151.94100952148438],"BodyType":0,"BottomLeft":[-14.0,-14.0],"BottomRight":[14.0,-14.0],"CenterOffset":[0.0,0.0],"CollideID":3435973836,"Friction":0.3499999940395355,"Gravity":false,"Height":28.0,"MaxVelo":20.0,"Radius":0.0,"TopLeft":[-14.0,14.0],"TopRight":[14.0,14.0],"Width":28.0,"isDynamic":true},"Sprite":{"BottomLeft":[0.0,0.0],"FileName":"fairy.png","Height":27,"IsSpriteSheet":false,"SizeScale":1.0,"TopRight":[1.0,1.0],"Width":28},"Transform":{"Position":[97.6123275756836,-151.94100952148438,5.0],"Rotation":[0.0,0.0,-0.0001688890188233927],"Scale":[28.0,27.0,1.0]}},"6":{"AnimationController":{"Active Animation":1,"Animation0":{"Frame0":[59.0,27.0,86.0,1.0],"Frame1":[30.0,27.0,57.0,1.0],"Frame2":[1.0,27.0,28.0,1.0],"Frame3":[88.0,27.0,115.0,1.0],"Frame4":[1.0,27.0,28.0,1.0],"Frame5":[30.0,27.0,57.0,1.0],"NumFrames":6,"Repeating":true,"SecsPerFrame":0.09000000357627869},"Animation1":{"Frame0":[86.0,27.0,59.0,1.0],"Frame1":[57.0,27.0,30.0,1.0],"Frame2":[28.0,27.0,1.0,1.0],"Frame3":[115.0,27.0,88.0,1.0],"Frame4":[28.0,27.0,1.0,1.0],"Frame5":[57.0,27.0,30.0,1.0],"NumFrames":6,"Repeating":true,"SecsPerFrame":0.09000000357627869},"Animation2":{"Frame0":[59.0,55.0,86.0,29.0],"Frame1":[30.0,55.0,57.0,29.0],"Frame2":[1.0,55.0,28.0,29.0],"Frame3":[88.0,55.0,115.0,29.0],"Frame4":[1.0,55.0,28.0,29.0],"Frame5":[30.0,55.0,57.0,29.0],"NumFrames":6,"Repeating":true,"SecsPerFrame":0.09000000357627869},"Animation3":{"Frame0":[86.0,55.0,59.0,29.0],"Frame1":[57.0,55.0,30.0,29.0],"Frame2":[28.0,55.0,1.0,29.0],"Frame3":[115.0,55.0,88.0,29.0],"Frame4":[28.0,55.0,1.0,29.0],"Frame5":[57.0,55.0,30.0,29.0],"NumFrames":6,"Repeating":true,"SecsPerFrame":0.09000000357627869},"Animation4":{"Frame0":[59.0,83.0,86.0,57.0],"Frame1":[30.0,83.0,57.0,57.0],"Frame2":[1.0,83.0,28.0,57.0],"Frame3":[88.0,83.0,115.0,57.0],"Frame4":[1.0,83.0,28.0,57.0],"Frame5":[30.0,83.0,57.0,57.0],"NumFrames":6,"Repeating":true,"SecsPerFrame":0.09000000357627869},"Animation5":{"Frame0":[86.0,83.0,59.0,57.0],"Frame1":[57.0,83.0,30.0,57.0],"Frame2":[28.0,83.0,1.0,57.0],"Frame3":[115.0,83.0,88.0,57.0],"Frame4":[28.0,83.0,1.0,57.0],"Frame5":[57.0,83.0,30.0,57.0],"NumFrames":6,"Repeating":true,"SecsPerFrame":0.09000000357627869},"FileName":"fairy.png","NumAnimations":6},"Identifier":{"Identifier":1052944,"MainCamera":false,"MainPlayer":false,"Name":"fairy14"},"PhysicsBody":{"BodyID":3435973836,"BodyPosition":[169.93344116210938,-179.9552764892578],"BodyType":0,"BottomLeft":[-14.0,-14.0],"BottomRight":[14.0,-14.0],"CenterOffset":[0.0,0.0],"CollideID":3435973836,"Friction":0.3499999940395355,"Gravity":false,"Height":28.0,"MaxVelo":20.0,"Radius":0.0,"TopLeft":[-14.0,14.0],"TopRight":[14.0,14.0],"Width":28.0,"isDynamic":true},"Sprite":{"BottomLeft":[0.0,0.0],"FileName":"fairy.png","Height":27,"IsSpriteSheet":false,"SizeScale":1.0,"TopRight":[1.0,1.0],"Width":28},"Transform":{"Position":[169.93344116210938,-179.9552764892578,5.0],"Rotation":[0.0,0.0,0.00010435788135509938],"Scale":[28.0,27.0,1.0]}},"7":{"AnimationController":{"Active Animation":3,"Animation0":{"Frame0":[59.0,27.0,86.0,1.0],"Frame1":[30.0,27.0,57.0,1.0],"Frame2":[1.0,27.0,28.0,1.0],"Frame3":[88.0,27.0,115.0,1.0],"Frame4":[1.0,27.0,28.0,1.0],"Frame5":[30.0,27.0,57.0,1.0],"NumFrames":6,"Repeating":true,"SecsPerFrame":0.09000000357627869},"Animation1":{"Frame0":[86.0,27.0,59.0,1.0],"Frame1":[57.0,27.0,30.0,1.0],"Frame2":[28.0,27.0,1.0,1.0],"Frame3":[115.0,27.0,88.0,1.0],"Frame4":[28.0,27.0,1.0,1.0],"Frame5":[57.0,27.0,30.0,1.0],"NumFrames":6,"Repeating":true,"SecsPerFrame":0.09000000357627869},"Animation2":{"Frame0":[59.0,55.0,86.0,29.0],"Frame1":[30.0,55.0,57.0,29.0],"Frame2":[1.0,55.0,28.0,29.0],"Frame3":[88.0,55.0,115.0,29.0],"Frame4":[1.0,55.0,28.0,29.0],"Frame5":[30.0,55.0,57.0,29.0],"NumFrames":6,"Repeating":true,"SecsPerFrame":0.09000000357627869},"Animation3":{"Frame0":[86.0,55.0,59.0,29.0],"Frame1":[57.0,55.0,30.0,29.0],"Frame2":[28.0,55.0,1.0,29.0],"Frame3":[115.0,55.0,88.0,29.0],"Frame4":[28.0,55.0,1.0,29.0],"Frame5":[57.0,55.0,30.0,29.0],"NumFrames":6,"Repeating":true,"SecsPerFrame":0.09000000357627869},"Animation4":{"Frame0":[59.0,83.0,86.0,57.0],"Frame1":[30.0,83.0,57.0,57.0],"Frame2":[1.0,83.0,28.0,57.0],"Frame3":[88.0,83.0,115.0,57.0],"Frame4":[1.0,83.0,28.0,57.0],"Frame5":[30.0,83.0,57.0,57.0],"NumFrames":6,"Repeating":true,"SecsPerFrame":0.09000000357627869},"Animation5":{"Frame0":[86.0,83.0,59.0,57.0],"Frame1":[57.0,83.0,30.0,57.0],"Frame2":[28.0,83.0,1.0,57.0],"Frame3":[115.0,83.0,88.0,57.0],"Frame4":[28.0,83.0,1.0,57.0],"Frame5":[57.0,83.0,30.0,57.0],"NumFrames":6,"Repeating":true,"SecsPerFrame":0.09000000357627869},"FileName":"fairy.png","NumAnimations":6},"Identifier":{"Identifier":1052944,"MainCamera":false,"MainPlayer":false,"Name":"fairy13"},"PhysicsBody":{"BodyID":3435973836,"BodyPosition":[140.0486602783203,-179.95803833007813],"BodyType":0,"BottomLeft":[-14.0,-14.0],"BottomRight":[14.0,-14.0],"CenterOffset":[0.0,0.0],"CollideID":3435973836,"Friction":0.3499999940395355,"Gravity":false,"Height":28.0,"MaxVelo":20.0,"Radius":0.0,"TopLeft":[-14.0,14.0],"TopRight":[14.0,14.0],"Width":28.0,"isDynamic":true},"Sprite":{"BottomLeft":[0.0,0.0],"FileName":"fairy.png","Height":27,"IsSpriteSheet":false,"SizeScale":1.0,"TopRight":[1.0,1.0],"Width":28},"Transform":{"Position":[140.0486602783203,-179.95803833007813,5.0],"Rotation":[0.0,0.0,4.946020999341272e-05],"Scale":[28.0,27.0,1.0]}},"8":{"AnimationController":{"Active Animation":1,"Animation0":{"Frame0":[59.0,27.0,86.0,1.0],"Frame1":[30.0,27.0,57.0,1.0],"Frame2":[1.0,27.0,28.0,1.0],"Frame3":[88.0,27.0,115.0,1.0],"Frame4":[1.0,27.0,28.0,1.0],"Frame5":[30.0,27.0,57.0,1.0],"NumFrames":6,"Repeating":true,"SecsPerFrame":0.09000000357627869},"Animation1":{"Frame0":[86.0,27.0,59.0,1.0],"Frame1":[57.0,27.0,30.0,1.0],"Frame2":[28.0,27.0,1.0,1.0],"Frame3":[115.0,27.0,88.0,1.0],"Frame4":[28.0,27.0,1.0,1.0],"Frame5":[57.0,27.0,30.0,1.0],"NumFrames":6,"Repeating":true,"SecsPerFrame":0.09000000357627869},"Animation2":{"Frame0":[59.0,55.0,86.0,29.0],"Frame1":[30.0,55.0,57.0,29.0],"Frame2":[1.0,55.0,28.0,29.0],"Frame3":[88.0,55.0,115.0,29.0],"Frame4":[1.0,55.0,28.0,29.0],"Frame5":[30.0,55.0,57.0,29.0],"NumFrames":6,"Repeating":true,"SecsPerFrame":0.09000000357627869},"Animation3":{"Frame0":[86.0,55.0,59.0,29.0],"Frame1":[57.0,55.0,30.0,29.0],"Frame2":[28.0,55.0,1.0,29.0],"Frame3":[115.0,55.0,88.0,29.0],"Frame4":[28.0,55.0,1.0,29.0],"Frame5":[57.0,55.0,30.0,29.0],"NumFrames":6,"Repeating":true,"SecsPerFrame":0.09000000357627869},"Animation4":{"Frame0":[59.0,83.0,86.0,57.0],"Frame1":[30.0,83.0,57.0,57.0],"Frame2":[1.0,83.0,28.0,57.0],"Frame3":[88.0,83.0,115.0,57.0],"Frame4":[1.0,83.0,28.0,57.0],"Frame5":[30.0,83.0,57.0,57.0],"NumFrames":6,"Repeating":true,"SecsPerFrame":0.09000000357627869},"Animation5":{"Frame0":[86.0,83.0,59.0,57.0],"Frame1":[57.0,83.0,30.0,57.0],"Frame2":[28.0,83.0,1.0,57.0],"Frame3":[115.0,83.0,88.0,57.0],"Frame4":[28.0,83.0,1.0,57.0],"Frame5":[57.0,83.0,30.0,57.0],"NumFrames":6,"Repeating":true,"SecsPerFrame":0.09000000357627869},"FileName":"fairy.png","NumAnimations":6},"Identifier":{"Identifier":1052944,"MainCamera":false,"MainPlayer":false,"Name":"fairy12"},"PhysicsBody":{"BodyID":3435973836,"BodyPosition":[110.07177734375,-179.95787048339844],"BodyType":0,"BottomLeft":[-14.0,-14.0],"BottomRight":[14.0,-14.0],"CenterOffset":[0.0,0.0],"CollideID":3435973836,"Friction":0.3499999940395355,"Gravity":false,"Height":28.0,"MaxVelo":20.0,"Radius":0.0,"TopLeft":[-14.0,14.0],"TopRight":[14.0,14.0],"Width":28.0,"isDynamic":true},"Sprite":{"BottomLeft":[0.0,0.0],"FileName":"fairy.png","Height":27,"IsSpriteSheet":false,"SizeScale":1.0,"TopRight":[1.0,1.0],"Width":28},"Transform":{"Position":[110.07177734375,-179.95787048339844,5.0],"Rotation":[0.0,0.0,-3.767156522371806e-05],"Scale":[28.0,27.0,1.0]}},"9":{"AnimationController":{"Active Animation":5,"Animation0":{"Frame0":[59.0,27.0,86.0,1.0],"Frame1":[30.0,27.0,57.0,1.0],"Frame2":[1.0,27.0,28.0,1.0],"Frame3":[88.0,27.0,115.0,1.0],"Frame4":[1.0,27.0,28.0,1.0],"Frame5":[30.0,27.0,57.0,1.0],"NumFrames":6,"Repeating":true,"SecsPerFrame":0.09000000357627869},"Animation1":{"Frame0":[86.0,27.0,59.0,1.0],"Frame1":[57.0,27.0,30.0,1.0],"Frame2":[28.0,27.0,1.0,1.0],"Frame3":[115.0,27.0,88.0,1.0],"Frame4":[28.0,27.0,1.0,1.0],"Frame5":[57.0,27.0,30.0,1.0],"NumFrames":6,"Repeating":true,"SecsPerFrame":0.09000000357627869},"Animation2":{"Frame0":[59.0,55.0,86.0,29.0],"Frame1":[30.0,55.0,57.0,29.0],"Frame2":[1.0,55.0,28.0,29.0],"Frame3":[88.0,55.0,115.0,29.0],"Frame4":[1.0,55.0,28.0,29.0],"Frame5":[30.0,55.0,57.0,29.0],"NumFrames":6,"Repeating":true,"SecsPerFrame":0.09000000357627869},"Animation3":{"Frame0":[86.0,55.0,59.0,29.0],"Frame1":[57.0,55.0,30.0,29.0],"Frame2":[28.0,55.0,1.0,29.0],"Frame3":[115.0,55.0,88.0,29.0],"Frame4":[28.0,55.0,1.0,29.0],"Frame5":[57.0,55.0,30.0,29.0],"NumFrames":6,"Repeating":true,"SecsPerFrame":0.09000000357627869},"Animation4":{"Frame0":[59.0,83.0,86.0,57.0],"Frame1":[30.0,83.0,57.0,57.0],"Frame2":[1.0,83.0,28.0,57.0],"Frame3":[88.0,83.0,115.0,57.0],"Frame4":[1.0,83.0,28.0,57.0],"Frame5":[30.0,83.0,57.0,57.0],"NumFrames":6,"Repeating":true,"SecsPerFrame":0.09000000357627869},"Animation5":{"Frame0":[86.0,83.0,59.0,57.0],"Frame1":[57.0,83.0,30.0,57.0],"Frame2":[28.0,83.0,1.0,57.0],"Frame3":[115.0,83.0,88.0,57.0],"Frame4":[28.0,83.0,1.0,57.0],"Frame5":[57.0,83.0,30.0,57.0],"NumFrames":6,"Repeating":true,"SecsPerFrame":0.09000000357627869},"FileName":"fairy.png","NumAnimations":6},"Identifier":{"Identifier":1052944,"MainCamera":false,"MainPlayer":false,"Name":"fairy11"},"PhysicsBody":{"BodyID":3435973836,"BodyPosition":[80.22087860107422,-179.9517364501953],"BodyType":0,"BottomLeft":[-14.0,-14.0],"BottomRight":[14.0,-14.0],"CenterOffset":[0.0,0.0],"CollideID":3435973836,"Friction":0.3499999940395355,"Gravity":false,"Height":28.0,"MaxVelo":20.0,"Radius":0.0,"TopLeft":[-14.0,14.0],"TopRight":[14.0,14.0],"Width":28.0,"isDynamic":true},"Sprite":{"BottomLeft":[0.0,0.0],"FileName":"fairy.png","Height":27,"IsSpriteSheet":false,"SizeScale":1.0,"TopRight":[1.0,1.0],"Width":28},"Transform":{"Position":[80.22087860107422,-179.9517364501953,5.0],"Rotation":[0.0,0.0,-0.0003790830378420651],"Scale":[28.0,27.0,1.0]}},"NumEntities":31,"SceneName":"Scene Name"}}